{"_timestamp":1.7638390098171747e+09,"_wandb":{"runtime":224},"train/global_step":80,"train/loss":0.4742,"eval/samples_per_second":65.316,"eval/runtime":91.9829,"train/grad_norm":2.925693988800049,"eval/precision":1,"_step":8,"_runtime":224,"eval/f1":0.04935064935064935,"eval/loss":0.5179862976074219,"eval/recall":0.02529960053262317,"train/epoch":0.11611030478955008,"eval/accuracy":0.7563249001331558,"train/learning_rate":1.932367149758454e-05,"eval/steps_per_second":2.044}