{"train/epoch":3,"total_flos":1.78793687964672e+16,"train/loss":0.0988,"train_loss":0.12353136428655723,"eval/f1":0.9150501672240803,"_step":247,"eval/samples_per_second":65.19,"train/global_step":2067,"eval/precision":0.9193548387096774,"eval/loss":0.13618402183055878,"train/grad_norm":5.487967014312744,"train/learning_rate":1.881720430107527e-07,"eval/runtime":92.1618,"_wandb":{"runtime":6691},"train_runtime":6680.1494,"eval/steps_per_second":2.04,"eval/accuracy":0.9577230359520639,"train_steps_per_second":0.309,"_runtime":6691,"train_samples_per_second":9.9,"_timestamp":1.7638463847518098e+09,"eval/recall":0.9107856191744341}