{"mrr":2.7683593639183918e-05,"retrieval_details":{"log_mode":"IMMUTABLE","_latest_artifact_path":"wandb-client-artifact://2h8h2yrohmi2aeph0mos9nbx826a7h8q0b4rdbgtavcw2um9581go9p5rk8lycy7dxm6iverhy5i43vdeopoitc2kn4mozglv05wsvwbtkds45s7l7xuka7o8i41rk1m:latest/retrieval_details.table.json","artifact_path":"wandb-client-artifact://w5eet9nzm7vmxx34dzrgfa61gpsvctfk0hk3ux570s2qivdqtnunirpef699tc8rptaacl4zn5psseh04rbvkkpdzfwy51pwc03ycl15k4h8z0e4rk2cshry8dmdwc1c/retrieval_details.table.json","path":"media/table/retrieval_details_1_1e7e1a3a2d61247d78cf.table.json","size":72648,"ncols":6,"sha256":"1e7e1a3a2d61247d78cf40a8911cde28318f5f3b6174f97515051644682dd893","nrows":312,"_type":"table-file"},"recall/recall@22000":0.26282051282051283,"recall/recall@49000":0.2916666666666667,"recall/recall@46000":0.2916666666666667,"recall/recall@100":0,"recall/recall@3000":0,"recall/recall@18000":0.23076923076923078,"recall/recall@23000":0.26282051282051283,"recall/recall@50000":0.2916666666666667,"recall/recall@35000":0.2692307692307692,"recall/recall@4000":0,"recall/recall@45000":0.2916666666666667,"recall/recall@38000":0.28205128205128205,"recall/recall@2000":0,"recall/recall@11000":0.15064102564102563,"recall/recall@28000":0.26282051282051283,"recall/recall@31000":0.266025641025641,"recall/recall@9000":0.057692307692307696,"recall/recall@5000":0,"recall/recall@1000":0,"recall/recall@13000":0.1762820512820513,"recall/recall@1":0,"recall/recall@10":0,"recall/recall@37000":0.28205128205128205,"recall/recall@36000":0.27564102564102566,"recall/recall@39000":0.28525641025641024,"recall/recall@47000":0.2916666666666667,"recall/recall@29000":0.26282051282051283,"recall/recall@48000":0.2916666666666667,"_wandb":{"runtime":4092},"recall/recall@40000":0.28525641025641024,"_step":1,"_runtime":4092,"recall/recall@41000":0.28525641025641024,"recall/recall@34000":0.2692307692307692,"recall/recall@25000":0.26282051282051283,"recall/recall@6000":0.00641025641025641,"recall/recall@44000":0.2916666666666667,"recall/recall@24000":0.26282051282051283,"_timestamp":1.764032106739838e+09,"recall/recall@20000":0.25961538461538464,"recall/recall@5":0,"recall/recall@27000":0.26282051282051283,"recall/recall@500":0,"recall/recall@21000":0.26282051282051283,"recall/recall@32000":0.2692307692307692,"recall/recall@14000":0.1762820512820513,"recall/recall@8000":0.035256410256410256,"recall/recall@26000":0.26282051282051283,"recall/recall@42000":0.28846153846153844,"recall/recall@7000":0.028846153846153848,"recall/recall@17000":0.21153846153846154,"recall/recall@33000":0.2692307692307692,"recall/recall@300":0,"recall/recall@30000":0.266025641025641,"recall/recall@12000":0.16346153846153846,"recall/recall@19000":0.2403846153846154,"recall/recall@16000":0.1955128205128205,"recall/recall@50":0,"recall/recall@10000":0.10897435897435898,"recall/recall@15000":0.1794871794871795,"recall/recall@43000":0.28846153846153844}