{"total_flos":2.9798947994112e+16,"train_steps_per_second":0.31,"train_runtime":11115.3179,"train_loss":0.08706134848934645,"train/grad_norm":0.5677059888839722,"_wandb":{"runtime":11126},"eval/runtime":92.1559,"_step":412,"eval/samples_per_second":65.194,"eval/steps_per_second":2.04,"train/loss":0.0028,"train/global_step":3445,"train/epoch":5,"train/learning_rate":3.225806451612903e-09,"train_samples_per_second":9.916,"_timestamp":1.7637320756677315e+09,"_runtime":11126,"eval/loss":0.8982217907905579}