{"recall/recall@44000":0.1,"recall/recall@5":0,"recall/recall@25000":0.06,"recall/recall@29000":0.06,"recall/recall@8000":0.02,"recall/recall@40000":0.08,"recall/recall@48000":0.1,"recall/recall@50":0,"recall/recall@34000":0.06,"recall/recall@5000":0,"recall/recall@21000":0.06,"recall/recall@18000":0.04,"recall/recall@13000":0.04,"recall/recall@10":0,"recall/recall@11000":0.04,"recall/recall@1000":0,"_wandb":{"runtime":771},"recall/recall@9000":0.02,"recall/recall@33000":0.06,"recall/recall@12000":0.04,"recall/recall@24000":0.06,"recall/recall@14000":0.04,"recall/recall@32000":0.06,"recall/recall@15000":0.04,"recall/recall@41000":0.08,"recall/recall@36000":0.06,"recall/recall@10000":0.04,"recall/recall@45000":0.1,"recall/recall@37000":0.08,"recall/recall@42000":0.08,"recall/recall@31000":0.06,"recall/recall@100":0,"recall/recall@1":0,"mrr":9.335477565007826e-06,"recall/recall@28000":0.06,"recall/recall@500":0,"_step":1,"_runtime":771,"recall/recall@6000":0,"retrieval_details":{"_type":"table-file","log_mode":"IMMUTABLE","ncols":6,"nrows":50,"_latest_artifact_path":"wandb-client-artifact://jnhplmktwqsn34c2jbqm9d1z2zs967a16l8bku461uvi44zub0ll4rixmk8kav75f3rog3s51dgd0tr5qacly1uzrct73lxrjplay5f0wzd7w9zpbx2pakkhsacd8bg7:latest/retrieval_details.table.json","artifact_path":"wandb-client-artifact://lstk6w8lo972j5s7jhfz622hcmxuqm3a2uuuly12ymukgmo7mf5n92tzl962hsvxs9drb046sti4g8zzonfmieldprrvdd4bj09qufllodtupoy9z8w6mh28cnedbw7h/retrieval_details.table.json","path":"media/table/retrieval_details_1_d8655e1f0ed7885a9c29.table.json","size":10694,"sha256":"d8655e1f0ed7885a9c296b47853f1e8d5341ac4c53e12e899547730d27ddef12"},"recall/recall@300":0,"recall/recall@38000":0.08,"recall/recall@22000":0.06,"recall/recall@19000":0.06,"recall/recall@3000":0,"recall/recall@35000":0.06,"recall/recall@43000":0.08,"recall/recall@26000":0.06,"recall/recall@2000":0,"recall/recall@30000":0.06,"recall/recall@50000":0.1,"_timestamp":1.7640907520609908e+09,"recall/recall@39000":0.08,"recall/recall@27000":0.06,"recall/recall@23000":0.06,"recall/recall@46000":0.1,"recall/recall@7000":0.02,"recall/recall@49000":0.1,"recall/recall@20000":0.06,"recall/recall@47000":0.1,"recall/recall@4000":0,"recall/recall@16000":0.04,"recall/recall@17000":0.04}