{"recall/recall@22000":0.06,"recall/recall@44000":0.08,"recall/recall@9000":0.06,"recall/recall@29000":0.06,"recall/recall@33000":0.06,"recall/recall@34000":0.06,"recall/recall@500":0.02,"recall/recall@30000":0.06,"recall/recall@8000":0.04,"recall/recall@38000":0.08,"recall/recall@24000":0.06,"recall/recall@39000":0.08,"recall/recall@21000":0.06,"recall/recall@12000":0.06,"recall/recall@27000":0.06,"recall/recall@32000":0.06,"retrieval_details":{"size":10756,"artifact_path":"wandb-client-artifact://g0zv16qdjk7pi5tc6yd7f6evsgl6lfvd8ynxg2nn9v2vvwhzjfpof4jy3sx10bzp4zynr506bkrz3j4w8rb71n1y2oc51mgsve5bwoibetom2lc1e5a0qo62vtq6dkal/retrieval_details.table.json","_latest_artifact_path":"wandb-client-artifact://wbrgll4li2huuqqjtd4cpafxnxuyuomif9oyj5fsi3sj85kn2ljwwanqkzuphphfhuxkdie5vd03k8x77alht2zj73pcth0x8wga55j22f4po31z5sugd59mkns21tnv:latest/retrieval_details.table.json","ncols":6,"log_mode":"IMMUTABLE","nrows":50,"path":"media/table/retrieval_details_1_2c8ca28555bfe61080aa.table.json","_type":"table-file","sha256":"2c8ca28555bfe61080aaef0238d689e4a2cd01819515bfd469a35a630c197b20"},"_wandb":{"runtime":790},"recall/recall@42000":0.08,"recall/recall@5000":0.02,"recall/recall@100":0,"recall/recall@26000":0.06,"recall/recall@20000":0.06,"recall/recall@10000":0.06,"recall/recall@16000":0.06,"recall/recall@50000":0.1,"recall/recall@46000":0.1,"recall/recall@5":0,"recall/recall@37000":0.08,"recall/recall@45000":0.08,"recall/recall@36000":0.06,"recall/recall@14000":0.06,"recall/recall@2000":0.02,"recall/recall@15000":0.06,"recall/recall@10":0,"recall/recall@19000":0.06,"recall/recall@35000":0.06,"recall/recall@1":0,"recall/recall@50":0,"recall/recall@25000":0.06,"recall/recall@43000":0.08,"recall/recall@28000":0.06,"_step":1,"recall/recall@40000":0.08,"_runtime":790,"recall/recall@17000":0.06,"recall/recall@6000":0.04,"recall/recall@41000":0.08,"recall/recall@18000":0.06,"_timestamp":1.7640951741537766e+09,"recall/recall@3000":0.02,"mrr":0.00012628511589470853,"recall/recall@23000":0.06,"recall/recall@47000":0.1,"recall/recall@49000":0.1,"recall/recall@11000":0.06,"recall/recall@13000":0.06,"recall/recall@300":0.02,"recall/recall@4000":0.02,"recall/recall@31000":0.06,"recall/recall@1000":0.02,"recall/recall@7000":0.04,"recall/recall@48000":0.1}