{"train_runtime":6678.7977,"eval/steps_per_second":2.039,"_step":247,"_runtime":6690,"train/learning_rate":7.526881720430108e-09,"train/global_step":2067,"eval/samples_per_second":65.167,"_wandb":{"runtime":6690},"train_loss":2.564743529325761,"total_flos":1.7399747856826368e+16,"eval/loss":0.2828565835952759,"train_samples_per_second":9.902,"eval/runtime":92.1939,"_timestamp":1.7640009031816492e+09,"train_steps_per_second":0.309,"train/grad_norm":1.5184016227722168,"train/loss":0.1895,"train/epoch":3}