{"recall/recall@48000":0.12,"recall/recall@17000":0.1,"recall/recall@16000":0.1,"recall/recall@1":0,"recall/recall@12000":0.08,"recall/recall@49000":0.12,"recall/recall@13000":0.1,"recall/recall@38000":0.12,"recall/recall@42000":0.12,"recall/recall@22000":0.1,"recall/recall@34000":0.12,"recall/recall@6000":0.08,"recall/recall@3000":0.04,"recall/recall@100":0,"recall/recall@10000":0.08,"recall/recall@23000":0.1,"recall/recall@2000":0.04,"recall/recall@14000":0.1,"recall/recall@37000":0.12,"recall/recall@4000":0.08,"recall/recall@40000":0.12,"_runtime":775,"recall/recall@28000":0.1,"recall/recall@1000":0.02,"recall/recall@21000":0.1,"recall/recall@300":0,"recall/recall@11000":0.08,"recall/recall@44000":0.12,"recall/recall@45000":0.12,"recall/recall@46000":0.12,"recall/recall@5000":0.08,"recall/recall@7000":0.08,"recall/recall@500":0.02,"recall/recall@19000":0.1,"recall/recall@50":0,"recall/recall@8000":0.08,"recall/recall@30000":0.1,"retrieval_details":{"sha256":"e6aa61e9f59c8dd61e7cfb99b86c24b70f23a0e67b3bdb5d7223b87040f9c2fb","ncols":6,"nrows":50,"path":"media/table/retrieval_details_1_e6aa61e9f59c8dd61e7c.table.json","size":10723,"log_mode":"IMMUTABLE","_type":"table-file","_latest_artifact_path":"wandb-client-artifact://xo26sq1esoenwwzcrov415c4u1byptlm2l5qkrk3xtcp2l84is8h6ja7uq8ia3l3r04ktarv2ba6jvfmx3g4ktxstzpe8kbb2dccispp6b7h05ihzgz825370sjsp82v:latest/retrieval_details.table.json","artifact_path":"wandb-client-artifact://9lpq7x9lupk7h2mankufey1u1q9ptufrxson9qpc9rdmbtbdhxc9wdxlbcasikid1wprlsjmohqfd0y8ftigu4go8hq7l1maf4m9g9ctfkeu68jafv3ltsjfpxga4vx2/retrieval_details.table.json"},"recall/recall@41000":0.12,"recall/recall@5":0,"_timestamp":1.764089175783455e+09,"recall/recall@35000":0.12,"_wandb":{"runtime":775},"recall/recall@9000":0.08,"recall/recall@27000":0.1,"recall/recall@32000":0.12,"recall/recall@10":0,"recall/recall@47000":0.12,"recall/recall@29000":0.1,"recall/recall@36000":0.12,"recall/recall@24000":0.1,"recall/recall@20000":0.1,"recall/recall@25000":0.1,"recall/recall@18000":0.1,"_step":1,"mrr":9.017800721441899e-05,"recall/recall@33000":0.12,"recall/recall@31000":0.12,"recall/recall@26000":0.1,"recall/recall@50000":0.12,"recall/recall@43000":0.12,"recall/recall@15000":0.1,"recall/recall@39000":0.12}