{"recall/recall@3000":0.16025641025641027,"recall/recall@6000":0.23397435897435898,"recall/recall@22000":0.375,"recall/recall@34000":0.41025641025641024,"recall/recall@7000":0.2467948717948718,"recall/recall@26000":0.391025641025641,"recall/recall@31000":0.3974358974358974,"recall/recall@12000":0.2980769230769231,"recall/recall@1000":0.0641025641025641,"recall/recall@32000":0.40064102564102566,"recall/recall@8000":0.2692307692307692,"recall/recall@27000":0.3942307692307692,"recall/recall@48000":0.42948717948717946,"recall/recall@50000":0.4391025641025641,"_timestamp":1.7640837692257495e+09,"recall/recall@47000":0.42948717948717946,"recall/recall@18000":0.34935897435897434,"recall/recall@21000":0.375,"_step":1,"recall/recall@300":0.041666666666666664,"recall/recall@2000":0.11538461538461539,"recall/recall@50":0.016025641025641024,"recall/recall@49000":0.4358974358974359,"recall/recall@39000":0.4166666666666667,"recall/recall@16000":0.3301282051282051,"mrr":0.0025887388279095223,"recall/recall@17000":0.34615384615384615,"recall/recall@28000":0.3974358974358974,"_runtime":4205,"recall/recall@15000":0.3269230769230769,"recall/recall@35000":0.41346153846153844,"recall/recall@33000":0.40705128205128205,"recall/recall@14000":0.3173076923076923,"recall/recall@10000":0.2980769230769231,"recall/recall@44000":0.4230769230769231,"recall/recall@5":0.003205128205128205,"recall/recall@24000":0.38461538461538464,"recall/recall@500":0.04807692307692308,"recall/recall@19000":0.3525641025641026,"recall/recall@1":0,"recall/recall@46000":0.42628205128205127,"recall/recall@40000":0.4166666666666667,"recall/recall@9000":0.28525641025641024,"recall/recall@42000":0.4198717948717949,"recall/recall@5000":0.21794871794871795,"recall/recall@45000":0.42628205128205127,"recall/recall@13000":0.3108974358974359,"recall/recall@29000":0.3974358974358974,"retrieval_details":{"ncols":6,"_latest_artifact_path":"wandb-client-artifact://ivfbwawf8h8gagek1g58uq4kp8juy4s7xzjitlf0v5d2p9xbgue1347j7eykyev4u50ui8lzctfmegat93to4y0ls0ngo331uhe479u8hgoomgvxkty352mn8qxp70hd:latest/retrieval_details.table.json","log_mode":"IMMUTABLE","nrows":312,"artifact_path":"wandb-client-artifact://wgr74zg0fsta5zu8eoq8mx2whgta92uqrq54wm4vbtkmog2z2nb8jyvzlqt8ng4wk5hgmioh5ynb37r0mmbayhnk9pf29sftw0cd209av8bg5opp92jpxrhxxfxs15lq/retrieval_details.table.json","sha256":"b0736d6ceb222158808471bad5cbd76af517b621c5d2eb7afec18762c7cd3f13","_type":"table-file","size":72273,"path":"media/table/retrieval_details_1_b0736d6ceb2221588084.table.json"},"recall/recall@43000":0.4230769230769231,"recall/recall@20000":0.36538461538461536,"recall/recall@4000":0.1987179487179487,"recall/recall@37000":0.41346153846153844,"_wandb":{"runtime":4205},"recall/recall@25000":0.38461538461538464,"recall/recall@36000":0.41346153846153844,"recall/recall@10":0.003205128205128205,"recall/recall@30000":0.3974358974358974,"recall/recall@100":0.019230769230769232,"recall/recall@38000":0.4166666666666667,"recall/recall@23000":0.3782051282051282,"recall/recall@41000":0.4166666666666667,"recall/recall@11000":0.2980769230769231}