{"recall/recall@49000":0.26,"recall/recall@11000":0.2,"_step":1,"recall/recall@5":0,"retrieval_details":{"nrows":50,"_type":"table-file","path":"media/table/retrieval_details_1_e55a40be617fd5077d42.table.json","sha256":"e55a40be617fd5077d421031c44944931824c02707ed0e0d977d2a951cb476a0","ncols":6,"artifact_path":"wandb-client-artifact://gjyn474p0n8cyp8ofr8z8vou4qcgtjxsli6zjao1wh95motr3gl2yv14grjq6ad4cgq6jmklhz50r39xw56ww0g8zztiq4wa7zw25xka0z0bl00h35dsbosyk3b9h4kx/retrieval_details.table.json","log_mode":"IMMUTABLE","_latest_artifact_path":"wandb-client-artifact://58bx7cdr7fiz5rnqg5y4qp11qfgjvhutvi1v3d887r9xdywybwgj832ju35tlqm87bokkm4elduj51jcl013htqcyxzdkheer4lcdqzgl1jj63ss1g6konbklgbwp1ic:latest/retrieval_details.table.json","size":10621},"recall/recall@31000":0.22,"recall/recall@42000":0.26,"recall/recall@39000":0.26,"recall/recall@32000":0.22,"recall/recall@23000":0.2,"recall/recall@4000":0.14,"_wandb":{"runtime":688},"recall/recall@24000":0.2,"recall/recall@15000":0.2,"recall/recall@300":0.02,"recall/recall@10000":0.2,"recall/recall@48000":0.26,"recall/recall@8000":0.18,"recall/recall@37000":0.26,"recall/recall@13000":0.2,"recall/recall@20000":0.2,"recall/recall@21000":0.2,"recall/recall@47000":0.26,"recall/recall@50000":0.26,"recall/recall@41000":0.26,"recall/recall@1":0,"recall/recall@6000":0.16,"recall/recall@25000":0.2,"recall/recall@100":0.02,"recall/recall@26000":0.22,"_runtime":688,"recall/recall@12000":0.2,"recall/recall@17000":0.2,"recall/recall@45000":0.26,"recall/recall@22000":0.2,"recall/recall@19000":0.2,"mrr":0.0015201202963307603,"recall/recall@5000":0.16,"recall/recall@9000":0.2,"recall/recall@500":0.02,"recall/recall@34000":0.24,"recall/recall@1000":0.04,"recall/recall@18000":0.2,"recall/recall@7000":0.16,"recall/recall@38000":0.26,"recall/recall@35000":0.26,"recall/recall@28000":0.22,"recall/recall@44000":0.26,"recall/recall@29000":0.22,"recall/recall@27000":0.22,"recall/recall@3000":0.12,"recall/recall@36000":0.26,"recall/recall@33000":0.22,"recall/recall@46000":0.26,"recall/recall@14000":0.2,"_timestamp":1.7640929776663036e+09,"recall/recall@2000":0.1,"recall/recall@16000":0.2,"recall/recall@10":0,"recall/recall@40000":0.26,"recall/recall@43000":0.26,"recall/recall@30000":0.22,"recall/recall@50":0.02}