{"recall/recall@22000":0.4,"recall/recall@1":0,"mrr":0.00173302897157622,"recall/recall@10":0,"recall/recall@29000":0.42,"recall/recall@7000":0.36,"recall/recall@21000":0.4,"recall/recall@28000":0.42,"retrieval_details":{"path":"media/table/retrieval_details_1_113ab21011daffdf06e1.table.json","artifact_path":"wandb-client-artifact://4h40kxjdc09pp3bb5s72p9bd697ux6elbgcptofc1pvynvv37ekjnvdhcyxllhf78cfzvghncrwyj3hqlxg9xxg5qhjsm80j134xsopbb52mzeimnmrsptxnqggvwfy4/retrieval_details.table.json","_latest_artifact_path":"wandb-client-artifact://2r3etqaxzmvdg3ivv4gx75hwi7pzxk8asyfgwlt9w1rk2dqknz0zjbq1lix84tm9tzujt33f1g6easys809v88lvrftn6c2wvdztj2ozku1pwfjk3ubq4tku9bj9uany:latest/retrieval_details.table.json","nrows":50,"size":10429,"ncols":6,"sha256":"113ab21011daffdf06e1f211ddc357fda79cd095c089c81bdbd7c0fdcbbd9ce7","log_mode":"IMMUTABLE","_type":"table-file"},"recall/recall@41000":0.46,"recall/recall@19000":0.36,"recall/recall@35000":0.46,"recall/recall@16000":0.36,"recall/recall@3000":0.28,"recall/recall@48000":0.48,"recall/recall@10000":0.36,"recall/recall@31000":0.44,"recall/recall@5":0,"_runtime":722,"recall/recall@42000":0.46,"recall/recall@26000":0.42,"recall/recall@1000":0.16,"_wandb":{"runtime":722},"_step":1,"recall/recall@13000":0.36,"recall/recall@300":0.08,"recall/recall@100":0.04,"recall/recall@15000":0.36,"recall/recall@32000":0.44,"recall/recall@14000":0.36,"recall/recall@20000":0.36,"recall/recall@37000":0.46,"recall/recall@27000":0.42,"recall/recall@33000":0.44,"recall/recall@49000":0.48,"recall/recall@2000":0.24,"recall/recall@39000":0.46,"recall/recall@18000":0.36,"recall/recall@34000":0.46,"recall/recall@43000":0.48,"recall/recall@46000":0.48,"recall/recall@38000":0.46,"recall/recall@23000":0.4,"recall/recall@44000":0.48,"recall/recall@47000":0.48,"recall/recall@40000":0.46,"recall/recall@24000":0.4,"recall/recall@50":0.04,"recall/recall@36000":0.46,"recall/recall@8000":0.36,"recall/recall@5000":0.32,"recall/recall@12000":0.36,"_timestamp":1.7641507468619742e+09,"recall/recall@500":0.1,"recall/recall@45000":0.48,"recall/recall@17000":0.36,"recall/recall@11000":0.36,"recall/recall@9000":0.36,"recall/recall@6000":0.32,"recall/recall@50000":0.48,"recall/recall@30000":0.42,"recall/recall@25000":0.42,"recall/recall@4000":0.28}