{"recall@23000":0.14,"recall@24000":0.14,"recall@6000":0.08,"recall@17000":0.14,"recall@2000":0.08,"recall@16000":0.14,"recall@4000":0.08,"recall@15000":0.14,"recall@300":0.02,"retrieval_details":{"size":12912,"log_mode":"IMMUTABLE","sha256":"2c7d5b5617d6ccc25526dd7950ccd96ded3da8c4e08b2a7a181a1f4dbacced4e","ncols":5,"nrows":50,"artifact_path":"wandb-client-artifact://yg7ckf0zy92z7n2zwk1zd17uia26eyyrknuawnuyx4bz5u2zwvuaofvdtso25jyp5l622jjea4optnox8fzqaspr1non8xp59yxnm4kexl3te7txr8ra43lkn0ozey8c/retrieval_details.table.json","path":"media/table/retrieval_details_1_2c7d5b5617d6ccc25526.table.json","_latest_artifact_path":"wandb-client-artifact://3815zd3fhc7fti392n6bn4yj4n70uz6koy1j9c81xuutkan6k1cljt8ycqc3pr6sqwzx67xbw48021jk9baafamjleplqjempaemtmkkghcfzibiuz8wyb243tve7dbf:latest/retrieval_details.table.json","_type":"table-file"},"recall@32000":0.14,"recall@49000":0.18,"recall@35000":0.14,"recall@1":0,"recall@5000":0.08,"recall@29000":0.14,"recall@9000":0.08,"recall@41000":0.16,"recall@25000":0.14,"mrr":0.003277213900202109,"recall@18000":0.14,"recall@21000":0.14,"_timestamp":1.7638923123219655e+09,"recall@36000":0.14,"recall@27000":0.14,"recall@45000":0.16,"recall@39000":0.16,"recall@46000":0.16,"recall@13000":0.12,"recall@31000":0.14,"recall@28000":0.14,"_wandb":{"runtime":201},"recall@38000":0.16,"_step":1,"recall@10":0,"recall@500":0.02,"recall@20000":0.14,"recall@26000":0.14,"recall@43000":0.16,"recall@10000":0.08,"_runtime":201,"recall@19000":0.14,"recall@33000":0.14,"recall@50000":0.18,"recall@12000":0.1,"recall@50":0.02,"recall@8000":0.08,"recall@34000":0.14,"recall@3000":0.08,"recall@1000":0.06,"recall@48000":0.18,"recall@100":0.02,"recall@44000":0.16,"recall@47000":0.18,"recall@14000":0.12,"recall@5":0,"recall@11000":0.1,"recall@42000":0.16,"recall@37000":0.16,"recall@30000":0.14,"recall@22000":0.14,"recall@40000":0.16,"recall@7000":0.08}