{"recall/recall@23000":0.2,"recall/recall@31000":0.22,"recall/recall@40000":0.26,"_timestamp":1.764086299517256e+09,"recall/recall@14000":0.2,"recall/recall@45000":0.26,"recall/recall@16000":0.2,"recall/recall@2000":0.1,"recall/recall@13000":0.2,"recall/recall@22000":0.2,"recall/recall@33000":0.22,"recall/recall@12000":0.2,"recall/recall@44000":0.26,"recall/recall@20000":0.2,"recall/recall@1000":0.04,"recall/recall@49000":0.26,"recall/recall@5":0,"recall/recall@19000":0.2,"recall/recall@50":0.02,"recall/recall@10000":0.2,"recall/recall@11000":0.2,"recall/recall@37000":0.26,"recall/recall@38000":0.26,"recall/recall@47000":0.26,"recall/recall@42000":0.26,"recall/recall@4000":0.14,"recall/recall@3000":0.12,"retrieval_details":{"_latest_artifact_path":"wandb-client-artifact://ersnvcaw6vz7nzwngtq6hlzw2i55sny23dr55nu3tc5swi9ryqwbv7t1oid4h57kzasvz55bhcrz1cl91wj9u9v42g65urf7x3zxr2so1ffxawf25wqypgwp2ere766k:latest/retrieval_details.table.json","nrows":50,"size":10621,"path":"media/table/retrieval_details_1_e55a40be617fd5077d42.table.json","artifact_path":"wandb-client-artifact://l4ahhpnvhznouc6lm17kqvturgeqzcaymh9sf6f6m8ofrnewkk1w58rxtos9mts95fm3lwqofnzbnht4ena92lt9d7mcdnoghtnwo68gjtzv6rnfb5knxd3fwv2tu5x7/retrieval_details.table.json","log_mode":"IMMUTABLE","_type":"table-file","ncols":6,"sha256":"e55a40be617fd5077d421031c44944931824c02707ed0e0d977d2a951cb476a0"},"recall/recall@36000":0.26,"recall/recall@41000":0.26,"recall/recall@34000":0.24,"_runtime":699,"recall/recall@7000":0.16,"recall/recall@26000":0.22,"recall/recall@24000":0.2,"recall/recall@35000":0.26,"recall/recall@500":0.02,"recall/recall@39000":0.26,"recall/recall@100":0.02,"recall/recall@17000":0.2,"_wandb":{"runtime":699},"recall/recall@1":0,"recall/recall@27000":0.22,"recall/recall@30000":0.22,"recall/recall@10":0,"recall/recall@8000":0.18,"recall/recall@29000":0.22,"recall/recall@43000":0.26,"mrr":0.0015201202963307603,"recall/recall@46000":0.26,"recall/recall@9000":0.2,"recall/recall@18000":0.2,"_step":1,"recall/recall@28000":0.22,"recall/recall@48000":0.26,"recall/recall@50000":0.26,"recall/recall@25000":0.2,"recall/recall@32000":0.22,"recall/recall@300":0.02,"recall/recall@21000":0.2,"recall/recall@6000":0.16,"recall/recall@5000":0.16,"recall/recall@15000":0.2}