{"recall/recall@10":0.02,"recall/recall@16000":0.54,"recall/recall@45000":0.62,"recall/recall@100":0.04,"recall/recall@46000":0.64,"recall/recall@5":0.02,"recall/recall@1000":0.14,"recall/recall@13000":0.5,"mrr":0.0050484996959198215,"recall/recall@41000":0.6,"recall/recall@50000":0.64,"recall/recall@48000":0.64,"recall/recall@37000":0.6,"recall/recall@10000":0.42,"recall/recall@4000":0.24,"recall/recall@32000":0.58,"recall/recall@30000":0.58,"recall/recall@14000":0.52,"recall/recall@12000":0.48,"_step":1,"recall/recall@20000":0.56,"recall/recall@25000":0.58,"recall/recall@50":0.04,"recall/recall@18000":0.56,"retrieval_details":{"nrows":50,"path":"media/table/retrieval_details_1_68e943acffbeac4a33d6.table.json","sha256":"68e943acffbeac4a33d654d8f7eb285be5e5a3c1f27d91e121c3f759c711d602","_latest_artifact_path":"wandb-client-artifact://fkbgnlc1yqauqfy8515nyjhjhsktxjnbllya839g4cjhrutfcthzas5u5mrhwrftrsaa9msx3s7bj871pzqfb4pgcr4xe2qo4l3rgms3czz2wsbg2hud7axbmatuo6x6:latest/retrieval_details.table.json","_type":"table-file","log_mode":"IMMUTABLE","ncols":6,"artifact_path":"wandb-client-artifact://c9ij5bz9fk6pgp6drufkdy9j7m5xm0tx7y68qupfczrmm1rpq1pigh6hzzdawfvnbxz0i2p4puqwbwuwcm8q0b6labtaxp2m98h66xdby4o3vyekbmbw4jkc2e08ts7p/retrieval_details.table.json","size":10338},"recall/recall@27000":0.58,"recall/recall@26000":0.58,"recall/recall@2000":0.18,"recall/recall@39000":0.6,"recall/recall@47000":0.64,"recall/recall@38000":0.6,"recall/recall@9000":0.42,"recall/recall@6000":0.28,"recall/recall@42000":0.6,"recall/recall@5000":0.26,"recall/recall@34000":0.58,"recall/recall@11000":0.44,"recall/recall@33000":0.58,"recall/recall@17000":0.54,"recall/recall@24000":0.58,"_runtime":772,"recall/recall@23000":0.58,"recall/recall@44000":0.6,"_wandb":{"runtime":772},"recall/recall@500":0.14,"recall/recall@1":0,"recall/recall@19000":0.56,"recall/recall@35000":0.58,"recall/recall@29000":0.58,"recall/recall@3000":0.22,"recall/recall@28000":0.58,"recall/recall@22000":0.58,"recall/recall@49000":0.64,"recall/recall@8000":0.38,"recall/recall@15000":0.52,"recall/recall@21000":0.58,"recall/recall@7000":0.34,"recall/recall@31000":0.58,"recall/recall@43000":0.6,"recall/recall@300":0.12,"recall/recall@40000":0.6,"_timestamp":1.764328630948175e+09,"recall/recall@36000":0.58}