{"train/loss":3.0904,"train/grad_norm":82.42208099365234,"train/epoch":3,"train/global_step":519,"_wandb":{"runtime":911},"eval/loss":3.758542537689209,"total_flos":4.39536948314112e+15,"train_samples_per_second":18.264,"eval/runtime":21.424,"train_steps_per_second":0.573,"_timestamp":1.764450792527243e+09,"eval/samples_per_second":70.108,"_runtime":911,"train/learning_rate":4.282655246252677e-07,"eval/steps_per_second":2.194,"_step":61,"train_loss":11.154202172751601,"train_runtime":905.2094}