{"train_runtime":3380.677,"train/grad_norm":27.36954116821289,"_runtime":3391,"train/epoch":0.16267123287671234,"_wandb":{"runtime":3391},"_timestamp":1.764736741258877e+09,"train_loss":0.9868160689504523,"train/loss":0.9159,"eval/samples_per_second":7.783,"_step":114,"train_samples_per_second":5.182,"train_steps_per_second":5.182,"eval/runtime":150.4539,"train/global_step":950,"eval/steps_per_second":7.783,"eval/loss":0.9973613619804382,"train/learning_rate":5.416666666666667e-06,"total_flos":1.7706636076032e+15}