{"train_samples_per_second":18.293,"_timestamp":1.7643411923791964e+09,"train/grad_norm":84.05945587158203,"train/loss":2.982,"eval/runtime":21.4196,"_step":61,"total_flos":4.39536948314112e+15,"train_steps_per_second":0.574,"train/learning_rate":4.282655246252677e-07,"eval/samples_per_second":70.123,"train_runtime":903.8073,"_runtime":910,"eval/loss":3.7149126529693604,"train/global_step":519,"train_loss":11.200685023342713,"train/epoch":3,"eval/steps_per_second":2.194,"_wandb":{"runtime":910}}