{"recall@21000":0.043478260869565216,"recall@12000":0.043478260869565216,"recall@23000":0.043478260869565216,"recall@7000":0.021739130434782608,"recall@27000":0.06521739130434782,"recall@25000":0.043478260869565216,"recall@30000":0.06521739130434782,"recall@40000":0.08695652173913043,"recall@44000":0.08695652173913043,"recall@35000":0.06521739130434782,"recall@5":0,"recall@24000":0.043478260869565216,"recall@45000":0.08695652173913043,"recall@4000":0.021739130434782608,"recall@14000":0.043478260869565216,"recall@17000":0.043478260869565216,"_step":1,"recall@500":0.021739130434782608,"recall@300":0.021739130434782608,"recall@49000":0.08695652173913043,"recall@41000":0.08695652173913043,"recall@31000":0.06521739130434782,"recall@36000":0.06521739130434782,"recall@47000":0.08695652173913043,"_runtime":186,"recall@3000":0.021739130434782608,"recall@20000":0.043478260869565216,"retrieval_details":{"ncols":5,"log_mode":"IMMUTABLE","nrows":46,"_type":"table-file","sha256":"b4267a0c64b76dbd76f32e0e28ba9a5994ea207c891c43f7c0212e62e84400c1","path":"media/table/retrieval_details_1_b4267a0c64b76dbd76f3.table.json","_latest_artifact_path":"wandb-client-artifact://sv46kvqombkov9sqj4crxaj31ggkf3qgtsjvu7pghjv1i2bsrfxs531w2lyaiwu4534zp2kw036joulpy6m23ip1v5ug2cosnu7gsxa8vrxgt0olv6aezxcxaxksmj9k:latest/retrieval_details.table.json","size":11439,"artifact_path":"wandb-client-artifact://ega2s1dvbkdcdrfckvah39aw18ppkv8z7t90bntxedrwe6hsxmo8qigcy1jxgu3uig39rf5154yb0kwdthghz2en1062lqx1rm06hc5bs4fheoezgp8i6gp7r71px9ly/retrieval_details.table.json"},"recall@6000":0.021739130434782608,"recall@38000":0.08695652173913043,"recall@100":0,"recall@13000":0.043478260869565216,"recall@37000":0.08695652173913043,"recall@22000":0.043478260869565216,"mrr":0.0010059494958918611,"recall@50":0,"recall@2000":0.021739130434782608,"recall@19000":0.043478260869565216,"recall@32000":0.06521739130434782,"recall@1":0,"recall@26000":0.043478260869565216,"recall@48000":0.08695652173913043,"recall@46000":0.08695652173913043,"recall@29000":0.06521739130434782,"_wandb":{"runtime":186},"recall@8000":0.043478260869565216,"recall@5000":0.021739130434782608,"recall@28000":0.06521739130434782,"recall@16000":0.043478260869565216,"recall@34000":0.06521739130434782,"recall@43000":0.08695652173913043,"recall@10":0,"recall@1000":0.021739130434782608,"recall@42000":0.08695652173913043,"recall@9000":0.043478260869565216,"recall@39000":0.08695652173913043,"recall@33000":0.06521739130434782,"recall@15000":0.043478260869565216,"recall@11000":0.043478260869565216,"recall@50000":0.08695652173913043,"recall@10000":0.043478260869565216,"_timestamp":1.7638393544288805e+09,"recall@18000":0.043478260869565216}