{"eval/runtime":393.2253,"_wandb":{"runtime":457},"train/global_step":50,"eval/samples_per_second":2.978,"train/loss":1.0091,"train/grad_norm":0,"train/epoch":0.008561643835616438,"eval/steps_per_second":2.978,"_step":5,"_timestamp":1.764700934552842e+09,"train/learning_rate":5.593607305936073e-07,"_runtime":457}