{"train/grad_norm":1779.8487548828125,"train/epoch":0.08695652173913043,"_step":2,"_wandb":{"runtime":28},"train/global_step":30,"train/loss":63.8531,"_timestamp":1.764449836219511e+09,"_runtime":28,"train/learning_rate":5.576923076923077e-06}