{"recall/recall@40000":0.2403846153846154,"recall/recall@44000":0.2467948717948718,"recall/recall@28000":0.18269230769230768,"recall/recall@500":0.022435897435897436,"recall/recall@11000":0.11538461538461539,"recall/recall@35000":0.20512820512820512,"recall/recall@48000":0.2532051282051282,"recall/recall@19000":0.15705128205128205,"recall/recall@100":0.00641025641025641,"recall/recall@21000":0.16025641025641027,"recall/recall@4000":0.060897435897435896,"recall/recall@30000":0.19230769230769232,"recall/recall@6000":0.08012820512820513,"_step":1,"recall/recall@16000":0.15064102564102563,"recall/recall@24000":0.16666666666666666,"recall/recall@32000":0.20192307692307693,"recall/recall@12000":0.1282051282051282,"recall/recall@300":0.019230769230769232,"recall/recall@39000":0.23397435897435898,"mrr":0.00022064566339921073,"recall/recall@13000":0.1346153846153846,"retrieval_details":{"path":"media/table/retrieval_details_1_c4172927fe25afb6a689.table.json","artifact_path":"wandb-client-artifact://rjqxnjrmzpit79kifk47mld96fek8uztch5xp4h82pdniz2yqyft67dsx4y7g7pqckjhjhdemc3tvvxksgrrmd36vqpispbfzrktom8wgev6lco28p5bc61fk3b26ppq/retrieval_details.table.json","log_mode":"IMMUTABLE","_latest_artifact_path":"wandb-client-artifact://nrt24k7v78jri9xgejfiwc97xxlqmq5k8rp7ocv8mzybvfxw6dbhnogqj6n6xsm7xqnyb95b748ptoklpu8wsmpiu4rvngmjq5jckujgygp3uej5mcelwdukm12hxpuj:latest/retrieval_details.table.json","sha256":"c4172927fe25afb6a689114c3525f92af44f9f6d8ad898769e5f0519849b1d11","size":73274,"ncols":6,"_type":"table-file","nrows":312},"recall/recall@5":0,"recall/recall@1":0,"recall/recall@46000":0.2532051282051282,"recall/recall@33000":0.20192307692307693,"recall/recall@20000":0.16025641025641027,"recall/recall@17000":0.15705128205128205,"_timestamp":1.7639016370232143e+09,"recall/recall@27000":0.1762820512820513,"recall/recall@23000":0.16346153846153846,"recall/recall@1000":0.022435897435897436,"recall/recall@10":0,"recall/recall@45000":0.2467948717948718,"recall/recall@7000":0.08653846153846154,"recall/recall@43000":0.2467948717948718,"recall/recall@38000":0.23076923076923078,"_wandb":{"runtime":4646},"recall/recall@9000":0.10256410256410256,"recall/recall@22000":0.16025641025641027,"recall/recall@29000":0.1858974358974359,"recall/recall@49000":0.2532051282051282,"recall/recall@10000":0.10897435897435898,"recall/recall@5000":0.07692307692307693,"recall/recall@2000":0.03205128205128205,"recall/recall@31000":0.1987179487179487,"recall/recall@36000":0.21474358974358973,"recall/recall@3000":0.04807692307692308,"recall/recall@26000":0.17307692307692307,"_runtime":4646,"recall/recall@50":0,"recall/recall@41000":0.24358974358974358,"recall/recall@14000":0.14743589743589744,"recall/recall@42000":0.2467948717948718,"recall/recall@25000":0.17307692307692307,"recall/recall@37000":0.22756410256410256,"recall/recall@18000":0.15705128205128205,"recall/recall@47000":0.2532051282051282,"recall/recall@50000":0.2564102564102564,"recall/recall@8000":0.08974358974358974,"recall/recall@15000":0.14743589743589744,"recall/recall@34000":0.20192307692307693}