{"_runtime":774,"recall/recall@30000":0.62,"recall/recall@45000":0.62,"_timestamp":1.7643717145777686e+09,"recall/recall@10":0.02,"recall/recall@19000":0.56,"recall/recall@43000":0.62,"recall/recall@20000":0.56,"recall/recall@15000":0.48,"recall/recall@28000":0.58,"recall/recall@50000":0.62,"recall/recall@2000":0.16,"recall/recall@8000":0.34,"recall/recall@26000":0.58,"recall/recall@41000":0.62,"recall/recall@22000":0.58,"recall/recall@32000":0.62,"recall/recall@49000":0.62,"recall/recall@6000":0.3,"recall/recall@48000":0.62,"recall/recall@25000":0.58,"recall/recall@13000":0.46,"recall/recall@10000":0.36,"recall/recall@46000":0.62,"_wandb":{"runtime":774},"recall/recall@36000":0.62,"recall/recall@12000":0.42,"recall/recall@50":0.02,"recall/recall@500":0.1,"recall/recall@31000":0.62,"recall/recall@44000":0.62,"recall/recall@24000":0.58,"recall/recall@3000":0.16,"recall/recall@39000":0.62,"recall/recall@21000":0.56,"recall/recall@37000":0.62,"recall/recall@23000":0.58,"recall/recall@18000":0.52,"recall/recall@1":0,"retrieval_details":{"artifact_path":"wandb-client-artifact://s126zwf81gj8n3o8e65yi9cwpfhl23im1pqiscx8v8oz1z56atibi24i937dthee9kc3v1t768ozc9xbt9i830vg0kiol2xdka1o26lzx1udm9el2gnwoyzu8u8b2r9k/retrieval_details.table.json","ncols":6,"nrows":50,"path":"media/table/retrieval_details_1_423f43d415555ff9773d.table.json","size":10346,"_type":"table-file","log_mode":"IMMUTABLE","_latest_artifact_path":"wandb-client-artifact://tsba6151d1duab1nrtkzgwt6w5kyjlucd4e5bs2qym3byel4l0n6jbbu1rr4qbbl5crckbw9gi9ofpu53jxefz5itxkrcyy8oqap7ahnnk69yn10v0dfev39oed4b1e1:latest/retrieval_details.table.json","sha256":"423f43d415555ff9773dbbf372d6b1d9d49ce1768b6377193c5909d0d6ba3f96"},"recall/recall@38000":0.62,"recall/recall@27000":0.58,"recall/recall@42000":0.62,"mrr":0.01058363711554473,"recall/recall@33000":0.62,"recall/recall@4000":0.26,"recall/recall@1000":0.12,"recall/recall@11000":0.38,"recall/recall@14000":0.46,"recall/recall@16000":0.5,"recall/recall@9000":0.34,"recall/recall@100":0.02,"recall/recall@5000":0.26,"recall/recall@300":0.08,"recall/recall@7000":0.3,"recall/recall@47000":0.62,"recall/recall@34000":0.62,"recall/recall@35000":0.62,"recall/recall@17000":0.52,"recall/recall@29000":0.6,"recall/recall@40000":0.62,"recall/recall@5":0.02,"_step":1}