{"_timestamp":1.764097932094634e+09,"recall/recall@11000":0.04,"recall/recall@22000":0.06,"recall/recall@29000":0.06,"recall/recall@32000":0.06,"recall/recall@34000":0.06,"recall/recall@35000":0.06,"recall/recall@10":0,"recall/recall@3000":0,"recall/recall@41000":0.08,"recall/recall@43000":0.08,"recall/recall@13000":0.04,"recall/recall@12000":0.04,"_step":1,"_wandb":{"runtime":773},"retrieval_details":{"path":"media/table/retrieval_details_1_d8655e1f0ed7885a9c29.table.json","_type":"table-file","nrows":50,"log_mode":"IMMUTABLE","sha256":"d8655e1f0ed7885a9c296b47853f1e8d5341ac4c53e12e899547730d27ddef12","_latest_artifact_path":"wandb-client-artifact://1av3m7o7k7pasleob6lu6eyrp4i5uzsj7uc4ihvlif39894ruz26lp3vkkp391l2ijvcs6ji37zdpb2giav792fjcz2bn5brnvt2ztlmityuwkage84zxjlbl1bb89f0:latest/retrieval_details.table.json","size":10694,"ncols":6,"artifact_path":"wandb-client-artifact://ohetfpeuq1uig9rusvj6zwlwjgcgtcunbr3is784nyejqvyj024b8284agivfftk77q598641ofovaqsn8ff0hnkyddvjlhxemgaig0jwz1b9lb17lyw3851o3ozphcv/retrieval_details.table.json"},"recall/recall@39000":0.08,"recall/recall@38000":0.08,"recall/recall@6000":0,"recall/recall@1":0,"recall/recall@26000":0.06,"recall/recall@23000":0.06,"recall/recall@44000":0.1,"recall/recall@30000":0.06,"recall/recall@42000":0.08,"recall/recall@10000":0.04,"recall/recall@49000":0.1,"recall/recall@1000":0,"recall/recall@20000":0.06,"recall/recall@50000":0.1,"recall/recall@5":0,"recall/recall@300":0,"recall/recall@16000":0.04,"recall/recall@28000":0.06,"recall/recall@8000":0.02,"recall/recall@40000":0.08,"recall/recall@48000":0.1,"recall/recall@47000":0.1,"recall/recall@36000":0.06,"recall/recall@17000":0.04,"recall/recall@9000":0.02,"recall/recall@46000":0.1,"recall/recall@4000":0,"mrr":9.335477565007826e-06,"recall/recall@25000":0.06,"recall/recall@7000":0.02,"recall/recall@15000":0.04,"recall/recall@5000":0,"recall/recall@50":0,"recall/recall@37000":0.08,"recall/recall@2000":0,"recall/recall@27000":0.06,"recall/recall@500":0,"recall/recall@33000":0.06,"recall/recall@21000":0.06,"recall/recall@100":0,"_runtime":773,"recall/recall@31000":0.06,"recall/recall@19000":0.06,"recall/recall@24000":0.06,"recall/recall@45000":0.1,"recall/recall@14000":0.04,"recall/recall@18000":0.04}