{"eval/steps_per_second":2.039,"_timestamp":1.7640067812628334e+09,"_step":48,"train/loss":0.1925,"eval/samples_per_second":65.177,"train/global_step":400,"train_runtime":1293.4521,"train_steps_per_second":1.598,"train/grad_norm":1.6019750833511353,"train_loss":12.475504026412963,"total_flos":3.3677610319872e+15,"train/learning_rate":1.7924731182795699e-06,"_wandb":{"runtime":1304},"train/epoch":0.5805515239477503,"eval/runtime":92.1797,"_runtime":1304,"eval/loss":0.44633108377456665,"train_samples_per_second":51.128}