{"recall/recall@23000":0.21153846153846154,"recall/recall@300":0.003205128205128205,"recall/recall@34000":0.266025641025641,"recall/recall@13000":0.14102564102564102,"recall/recall@43000":0.3108974358974359,"recall/recall@31000":0.2467948717948718,"recall/recall@49000":0.32371794871794873,"recall/recall@33000":0.26282051282051283,"recall/recall@46000":0.3173076923076923,"recall/recall@17000":0.1762820512820513,"recall/recall@37000":0.28205128205128205,"recall/recall@26000":0.22435897435897437,"recall/recall@100":0,"recall/recall@50":0,"recall/recall@38000":0.28846153846153844,"recall/recall@22000":0.20833333333333334,"recall/recall@6000":0.07371794871794872,"recall/recall@29000":0.2403846153846154,"recall/recall@7000":0.08333333333333333,"recall/recall@16000":0.16987179487179488,"recall/recall@15000":0.15705128205128205,"recall/recall@28000":0.23397435897435898,"recall/recall@24000":0.22115384615384615,"recall/recall@50000":0.3269230769230769,"_timestamp":1.7639079132971969e+09,"recall/recall@44000":0.3141025641025641,"recall/recall@41000":0.30448717948717946,"recall/recall@45000":0.3141025641025641,"recall/recall@1":0,"recall/recall@20000":0.1955128205128205,"recall/recall@10":0,"recall/recall@9000":0.10256410256410256,"mrr":7.471279590259521e-05,"recall/recall@10000":0.10897435897435898,"recall/recall@25000":0.22115384615384615,"recall/recall@30000":0.24358974358974358,"recall/recall@8000":0.09294871794871795,"recall/recall@4000":0.060897435897435896,"recall/recall@12000":0.125,"_step":1,"recall/recall@3000":0.05128205128205128,"recall/recall@2000":0.035256410256410256,"_wandb":{"runtime":4624},"recall/recall@35000":0.266025641025641,"recall/recall@39000":0.2948717948717949,"recall/recall@5000":0.0673076923076923,"recall/recall@36000":0.2724358974358974,"recall/recall@19000":0.1858974358974359,"_runtime":4624,"recall/recall@40000":0.30128205128205127,"recall/recall@21000":0.20192307692307693,"recall/recall@42000":0.3108974358974359,"recall/recall@1000":0.009615384615384616,"recall/recall@48000":0.32371794871794873,"recall/recall@18000":0.1794871794871795,"recall/recall@47000":0.32371794871794873,"recall/recall@500":0.00641025641025641,"recall/recall@27000":0.23397435897435898,"recall/recall@11000":0.11217948717948718,"retrieval_details":{"nrows":312,"sha256":"7250e883c638f06b41f1cc774ced87f3823b2bc92f426fd03dcae2e564e0e07c","_latest_artifact_path":"wandb-client-artifact://iyfsqsqqkcnyox0dhv6pt6we72by1hgenbn8b72copr839cdhr5nvg5iect9f27e4naqo4c5ce66v1hk70jq83tx40qyd7y3oixvzkmypgyby98gkgiccb2lnmqqu2ye:latest/retrieval_details.table.json","log_mode":"IMMUTABLE","_type":"table-file","path":"media/table/retrieval_details_1_7250e883c638f06b41f1.table.json","size":73055,"artifact_path":"wandb-client-artifact://nog8mwqv3jp1zsi5vve58t6pjika29urbda7oqjqj0c6f9lkn6b4xpriz1hzr1bv8xnwvpdatpenny0zdlq6eb7bcbvj8ko8xn137m1k93axpd82g9mvswm2km6w0h32/retrieval_details.table.json","ncols":6},"recall/recall@14000":0.15064102564102563,"recall/recall@32000":0.2564102564102564,"recall/recall@5":0}