{"recall/recall@25000":0.44,"recall/recall@5000":0.24,"recall/recall@32000":0.46,"recall/recall@37000":0.52,"recall/recall@26000":0.44,"recall/recall@19000":0.38,"recall/recall@3000":0.2,"recall/recall@10":0,"recall/recall@47000":0.54,"recall/recall@45000":0.54,"recall/recall@12000":0.32,"recall/recall@11000":0.32,"recall/recall@34000":0.46,"_runtime":792,"recall/recall@29000":0.44,"recall/recall@300":0.08,"recall/recall@36000":0.48,"recall/recall@8000":0.3,"recall/recall@20000":0.4,"recall/recall@7000":0.28,"recall/recall@28000":0.44,"recall/recall@44000":0.54,"recall/recall@21000":0.42,"recall/recall@6000":0.24,"recall/recall@46000":0.54,"recall/recall@15000":0.34,"recall/recall@27000":0.44,"recall/recall@100":0.02,"recall/recall@31000":0.46,"retrieval_details":{"path":"media/table/retrieval_details_1_8534ab079628a5c3a57d.table.json","ncols":6,"nrows":50,"size":10375,"artifact_path":"wandb-client-artifact://jgs6i1lt4wb2oj3lzbnig1cx6mrps9kh6ropdraxnfl9e7uke37w3ydl4loh49ll1o6k4f3s38qx46c6dxt0u2w7ugr19wub3funeuioqrwh4dq3afhsjn714l12l8qv/retrieval_details.table.json","_latest_artifact_path":"wandb-client-artifact://7oaaoqe84knbd33pqt3lqhequ5pg5pp4vba9ejz2uvrr8geue1poi8v7xu4t21pcp8o1wf5xcigh7ungyanenetxj43002smmss1t0ipu30majc77ifey0xa45gs7o77:latest/retrieval_details.table.json","_type":"table-file","log_mode":"IMMUTABLE","sha256":"8534ab079628a5c3a57d7908f13c1443ba265c95b5177cb9f3be13e240f08bfd"},"recall/recall@30000":0.46,"_step":1,"recall/recall@1000":0.16,"recall/recall@33000":0.46,"recall/recall@16000":0.34,"recall/recall@17000":0.34,"recall/recall@24000":0.42,"recall/recall@40000":0.52,"recall/recall@500":0.1,"recall/recall@9000":0.3,"recall/recall@2000":0.18,"recall/recall@50":0,"recall/recall@48000":0.54,"mrr":0.0006311672455124721,"recall/recall@22000":0.42,"recall/recall@41000":0.52,"recall/recall@14000":0.32,"recall/recall@4000":0.22,"recall/recall@50000":0.54,"recall/recall@1":0,"_timestamp":1.7641880580844955e+09,"recall/recall@43000":0.54,"recall/recall@39000":0.52,"recall/recall@38000":0.52,"recall/recall@42000":0.54,"recall/recall@18000":0.34,"recall/recall@10000":0.3,"recall/recall@5":0,"recall/recall@13000":0.32,"_wandb":{"runtime":792},"recall/recall@23000":0.42,"recall/recall@49000":0.54,"recall/recall@35000":0.48}