{"_timestamp":1.7639910072238448e+09,"train/learning_rate":3.763440860215054e-06,"train/global_step":2067,"train/grad_norm":0.5137451887130737,"train_runtime":6679.014,"_wandb":{"runtime":6690},"eval/precision":0.6570135746606335,"_step":247,"eval/loss":0.5340410470962524,"train/epoch":3,"train_samples_per_second":9.901,"train/loss":0.0004,"eval/f1":0.7823275862068966,"total_flos":1.78793687964672e+16,"train_loss":0.06429382833541752,"_runtime":6690,"eval/steps_per_second":2.037,"train_steps_per_second":0.309,"eval/accuracy":0.8655126498002663,"eval/samples_per_second":65.103,"eval/runtime":92.2851,"eval/recall":0.966711051930759}