{"recall/recall@42000":0.21794871794871795,"recall/recall@5000":0.04487179487179487,"recall/recall@100":0.003205128205128205,"recall/recall@38000":0.20833333333333334,"recall/recall@22000":0.13782051282051283,"recall/recall@32000":0.18269230769230768,"recall/recall@50":0,"recall/recall@45000":0.23397435897435898,"recall/recall@14000":0.09615384615384616,"_wandb":{"runtime":4130},"recall/recall@25000":0.16025641025641027,"recall/recall@43000":0.21794871794871795,"recall/recall@8000":0.057692307692307696,"recall/recall@26000":0.16025641025641027,"recall/recall@12000":0.08333333333333333,"recall/recall@17000":0.11538461538461539,"recall/recall@50000":0.24358974358974358,"_step":1,"recall/recall@48000":0.2403846153846154,"recall/recall@39000":0.20833333333333334,"recall/recall@49000":0.2403846153846154,"recall/recall@46000":0.23717948717948717,"recall/recall@11000":0.08012820512820513,"recall/recall@44000":0.22435897435897437,"recall/recall@21000":0.1346153846153846,"recall/recall@40000":0.20833333333333334,"recall/recall@9000":0.07051282051282051,"recall/recall@10":0,"recall/recall@6000":0.04807692307692308,"recall/recall@29000":0.16987179487179488,"recall/recall@18000":0.1282051282051282,"recall/recall@500":0.01282051282051282,"recall/recall@20000":0.13141025641025642,"recall/recall@24000":0.15064102564102563,"recall/recall@3000":0.041666666666666664,"recall/recall@1":0,"recall/recall@7000":0.05448717948717949,"recall/recall@16000":0.11217948717948718,"_runtime":4130,"recall/recall@19000":0.1282051282051282,"recall/recall@28000":0.16666666666666666,"recall/recall@47000":0.23717948717948717,"recall/recall@1000":0.016025641025641024,"_timestamp":1.763981505774434e+09,"recall/recall@13000":0.09294871794871795,"recall/recall@30000":0.17307692307692307,"recall/recall@15000":0.10897435897435898,"recall/recall@4000":0.04487179487179487,"recall/recall@34000":0.1891025641025641,"recall/recall@35000":0.19230769230769232,"recall/recall@2000":0.022435897435897436,"recall/recall@5":0,"recall/recall@10000":0.07371794871794872,"retrieval_details":{"log_mode":"IMMUTABLE","size":73261,"artifact_path":"wandb-client-artifact://cwr7haem3uc4giiiw0elq74vbwj66rtl2hh7pqwq6l1p55jsf0010olbn62w7x5dw7hu4nspdxl86if1r9y16nadwgqfxys838fb0y8151lwmrnwaknuxgs0gfk18m4l/retrieval_details.table.json","nrows":312,"sha256":"caa7e71c6ac3ce03285ac9b0d11d31da89075164cf033dc1ebd3dde6666170cb","_latest_artifact_path":"wandb-client-artifact://0ddjc5xb34pwirumhb7867wppzttfwc9oitd7qbe3z6xkn6bvahk3rc4b9ydb6hio7py9f1ezg6j23i9k4x38jq2brmu05tmysn0xl4ksuvzg9h6awr58c4tzjpah66r:latest/retrieval_details.table.json","path":"media/table/retrieval_details_1_caa7e71c6ac3ce03285a.table.json","_type":"table-file","ncols":6},"recall/recall@23000":0.14743589743589744,"recall/recall@37000":0.1987179487179487,"recall/recall@33000":0.1891025641025641,"mrr":0.00013328133693425495,"recall/recall@36000":0.1955128205128205,"recall/recall@27000":0.16346153846153846,"recall/recall@300":0.009615384615384616,"recall/recall@41000":0.21474358974358973,"recall/recall@31000":0.1762820512820513}