{"_step":42,"train/global_step":350,"_runtime":3177,"train_runtime":3165.8437,"_timestamp":1.7647049994157495e+09,"train/loss":1.0074,"eval/samples_per_second":2.973,"train_steps_per_second":5.534,"eval/loss":0.9977829456329346,"train/grad_norm":31.887407302856445,"_wandb":{"runtime":3177},"train/learning_rate":3.9840182648401835e-06,"train/epoch":0.059931506849315065,"eval/steps_per_second":2.973,"train_samples_per_second":5.534,"train_loss":0.9878978429521833,"eval/runtime":393.8928,"total_flos":1.3046995003392e+15}