{"train_loss":0.7094395160675049,"_step":0,"train_runtime":3.6667,"train_steps_per_second":0.818,"train/global_step":3,"total_flos":2.1628704768e+13,"_timestamp":1.7637207843539724e+09,"train/epoch":1,"_runtime":7,"_wandb":{"runtime":7},"train_samples_per_second":21.818}