{"eval/samples_per_second":70.263,"train_runtime":902.9421,"_runtime":907,"_timestamp":1.7641956436457076e+09,"_wandb":{"runtime":907},"train_samples_per_second":18.31,"train/grad_norm":72.47212219238281,"train/loss":3.0424,"train_steps_per_second":0.575,"eval/runtime":21.377,"_step":61,"eval/loss":3.785734176635742,"total_flos":4.39536948314112e+15,"train/learning_rate":4.282655246252677e-07,"train/global_step":519,"train_loss":11.034946493101028,"eval/steps_per_second":2.199,"train/epoch":3}