{"recall/recall@300":0.12,"recall/recall@9000":0.42,"recall/recall@31000":0.6,"recall/recall@17000":0.52,"recall/recall@34000":0.6,"recall/recall@21000":0.54,"recall/recall@2000":0.18,"recall/recall@30000":0.6,"recall/recall@38000":0.62,"recall/recall@19000":0.52,"recall/recall@46000":0.62,"recall/recall@7000":0.38,"recall/recall@45000":0.62,"recall/recall@50":0.02,"recall/recall@44000":0.62,"recall/recall@33000":0.6,"recall/recall@13000":0.48,"recall/recall@11000":0.42,"recall/recall@40000":0.62,"recall/recall@42000":0.62,"recall/recall@29000":0.6,"recall/recall@36000":0.6,"recall/recall@39000":0.62,"mrr":0.011138218335757082,"retrieval_details":{"_latest_artifact_path":"wandb-client-artifact://ui4atilp3eyehpzot8vs43z1racx2gpe14d687qnz7q2g08b3lrdxgyxei0zlsqo59xf0qa2hp88worj8txttmwl24u7jz6kitbteliiw83mb5jdzu2es68rz3a6q579:latest/retrieval_details.table.json","nrows":50,"log_mode":"IMMUTABLE","sha256":"f349411aa62794d40b10ebf37467b0dffd41ef63d9e960096997f038e35f0978","path":"media/table/retrieval_details_1_f349411aa62794d40b10.table.json","_type":"table-file","artifact_path":"wandb-client-artifact://oflwbxaz9fjr9wbosb5x4ehqnya1fjcdv5hxdc4h04tucjdaefcgen0sha309ijx8kmim5rqjeraosbv21xof1ss32yuhywrzw6e4xsdg8yf66cyhcsh3i339d5kja45/retrieval_details.table.json","ncols":6,"size":10335},"recall/recall@6000":0.32,"recall/recall@37000":0.62,"recall/recall@32000":0.6,"recall/recall@5000":0.3,"recall/recall@23000":0.58,"recall/recall@14000":0.48,"_step":1,"_runtime":255,"recall/recall@500":0.12,"recall/recall@1000":0.18,"recall/recall@48000":0.62,"recall/recall@49000":0.64,"_timestamp":1.7645070607227027e+09,"recall/recall@20000":0.52,"recall/recall@22000":0.54,"recall/recall@4000":0.24,"recall/recall@1":0,"recall/recall@43000":0.62,"recall/recall@35000":0.6,"recall/recall@10":0.02,"recall/recall@5":0.02,"recall/recall@50000":0.64,"recall/recall@3000":0.22,"recall/recall@15000":0.5,"recall/recall@41000":0.62,"recall/recall@100":0.08,"recall/recall@47000":0.62,"recall/recall@28000":0.6,"recall/recall@10000":0.42,"recall/recall@12000":0.44,"_wandb":{"runtime":255},"recall/recall@18000":0.52,"recall/recall@25000":0.58,"recall/recall@16000":0.52,"recall/recall@26000":0.6,"recall/recall@27000":0.6,"recall/recall@8000":0.42,"recall/recall@24000":0.58}