{"_runtime":1583,"eval/runtime":22.9891,"total_flos":7.1301815599104e+15,"_step":102,"train/global_step":850,"eval/steps_per_second":2.044,"_wandb":{"runtime":1583},"eval/loss":3.736574649810791,"eval/samples_per_second":65.335,"train/grad_norm":97.63272094726562,"train_steps_per_second":0.548,"train/learning_rate":3.8560411311053987e-07,"train_samples_per_second":17.46,"_timestamp":1.7641604360907524e+09,"train/epoch":4.913294797687861,"train_loss":9.94477606829475,"train_runtime":1578.1668,"train/loss":2.5611}