{"recall@29000":0.06,"recall@32000":0.06,"recall@12000":0.04,"recall@1":0,"_runtime":202,"recall@10":0,"recall@43000":0.1,"recall@46000":0.12,"recall@28000":0.06,"recall@41000":0.1,"recall@18000":0.04,"recall@38000":0.1,"recall@33000":0.06,"recall@50":0,"recall@13000":0.04,"recall@15000":0.04,"recall@7000":0.04,"recall@34000":0.1,"recall@36000":0.1,"recall@500":0.02,"recall@17000":0.04,"recall@31000":0.06,"recall@23000":0.06,"recall@26000":0.06,"recall@40000":0.1,"recall@25000":0.06,"recall@6000":0.04,"recall@1000":0.02,"recall@20000":0.06,"recall@10000":0.04,"recall@16000":0.04,"recall@24000":0.06,"recall@8000":0.04,"recall@37000":0.1,"recall@14000":0.04,"recall@27000":0.06,"recall@48000":0.12,"recall@5000":0.04,"recall@35000":0.1,"recall@50000":0.12,"recall@39000":0.1,"recall@30000":0.06,"_timestamp":1.7638925259444814e+09,"recall@300":0.02,"recall@21000":0.06,"recall@2000":0.02,"recall@11000":0.04,"_step":1,"recall@19000":0.06,"recall@22000":0.06,"recall@3000":0.02,"retrieval_details":{"artifact_path":"wandb-client-artifact://i9u4w42jo88374euwc7rhvnx1p90et2b7jrafdxazjkbe5awbx80qkzi1qc6leh4s4qpbxctd9cdu07nr7qeyig9mn8uxfiifzanek3khlm6rosxe8k1cz0sizqe4r31/retrieval_details.table.json","path":"media/table/retrieval_details_1_311fa8cdd5ce0f85ea2d.table.json","_latest_artifact_path":"wandb-client-artifact://aghvt34y306cghaqkeulght7mglcbnta2qfvhrj8nokdqt58vngva0aso8s9m1db5e8q6j383uiuunin8lhnmgivlw4qfi2ytjlww3hal157rdfnjibx5d7mpu7kyx5v:latest/retrieval_details.table.json","nrows":50,"log_mode":"IMMUTABLE","size":12810,"_type":"table-file","sha256":"311fa8cdd5ce0f85ea2dc92f8a644fb257831c9af77ddfc7b81a0d787e529187","ncols":5},"recall@100":0,"recall@49000":0.12,"recall@4000":0.02,"recall@44000":0.12,"recall@5":0,"_wandb":{"runtime":202},"mrr":0.0007856032776760941,"recall@47000":0.12,"recall@45000":0.12,"recall@42000":0.1,"recall@9000":0.04}