{"eval/samples_per_second":65.083,"train/loss":0.0134,"train/grad_norm":0.04317253455519676,"eval/recall":0.9833555259653795,"train/learning_rate":1.395733565520244e-05,"_timestamp":1.7640373645929828e+09,"train_runtime":3498.0547,"train_loss":0.13584259262994716,"eval/accuracy":0.9815264293419633,"_wandb":{"runtime":3510},"train/global_step":950,"eval/loss":0.05828775092959404,"total_flos":8.2124192004096e+15,"eval/steps_per_second":2.036,"_step":114,"eval/precision":0.9295154185022027,"train/epoch":1.1163337250293772,"eval/f1":0.9556777741831123,"train_samples_per_second":23.334,"eval/runtime":113.9474,"train_steps_per_second":0.73,"_runtime":3510}