{"train/loss":2.9267,"eval/loss":3.7712268829345703,"_timestamp":1.7642414732664797e+09,"eval/runtime":21.3991,"train/grad_norm":87.91665649414062,"train_samples_per_second":18.315,"train_loss":10.911779756490894,"train_runtime":902.7236,"train/epoch":3,"_step":61,"_runtime":907,"train_steps_per_second":0.575,"train/global_step":519,"eval/steps_per_second":2.196,"_wandb":{"runtime":907},"train/learning_rate":4.282655246252677e-07,"eval/samples_per_second":70.19,"total_flos":4.39536948314112e+15}