{"eval/steps_per_second":2.972,"eval/samples_per_second":2.972,"train_samples_per_second":3.226,"train_steps_per_second":3.226,"_runtime":5443,"train/epoch":0.10273972602739725,"train_runtime":5431.074,"eval/runtime":393.9893,"train_loss":0.9968148962656657,"train/loss":0.9231,"_wandb":{"runtime":5443},"_step":72,"total_flos":2.2366277148672e+15,"eval/loss":0.9988494515419006,"train/learning_rate":6.837899543378996e-06,"_timestamp":1.7647161362362869e+09,"train/global_step":600,"train/grad_norm":24.980876922607422}