{"recall/recall@30000":0.20833333333333334,"recall/recall@24000":0.1762820512820513,"recall/recall@500":0.003205128205128205,"recall/recall@45000":0.24358974358974358,"recall/recall@36000":0.21794871794871795,"recall/recall@2000":0.019230769230769232,"recall/recall@50":0,"recall/recall@32000":0.20833333333333334,"recall/recall@10000":0.08333333333333333,"recall/recall@11000":0.09935897435897435,"recall/recall@29000":0.20512820512820512,"recall/recall@13000":0.11858974358974358,"recall/recall@16000":0.1282051282051282,"recall/recall@27000":0.1955128205128205,"recall/recall@17000":0.13782051282051283,"recall/recall@48000":0.2467948717948718,"recall/recall@5":0,"recall/recall@43000":0.24358974358974358,"retrieval_details":{"log_mode":"IMMUTABLE","nrows":312,"ncols":6,"_latest_artifact_path":"wandb-client-artifact://cyjq6gzhpocqu5f13wragnt97f9d9q71afyoe70cbdncn5bf2rh0i27ut59lnlgl0j6o0kj9ur3439zs1iwk17u7w7wxllyi9mf89hgosti1ldp39lysspaq6fv0elju:latest/retrieval_details.table.json","sha256":"5b1b1ba296f03a0aa20be0bd25dd4ae95e0964cbab31c3214bbc0b4f3195f1b3","artifact_path":"wandb-client-artifact://bji8jc3w5hlhn1blbujyhx0xopl63kop46tm7wsnz9mltpykppetj9zwhb1st1cts6s4agwqh9bod3k5q34p7vm02q5sdgm4q3vk1xb11nti33uwgz7ira7si6radyh7/retrieval_details.table.json","_type":"table-file","size":73274,"path":"media/table/retrieval_details_1_5b1b1ba296f03a0aa20b.table.json"},"recall/recall@38000":0.22756410256410256,"recall/recall@40000":0.23717948717948717,"recall/recall@5000":0.05128205128205128,"recall/recall@44000":0.24358974358974358,"recall/recall@46000":0.24358974358974358,"recall/recall@20000":0.15384615384615385,"recall/recall@15000":0.1282051282051282,"_step":1,"recall/recall@35000":0.21794871794871795,"recall/recall@21000":0.16346153846153846,"recall/recall@100":0,"_runtime":4632,"recall/recall@4000":0.035256410256410256,"recall/recall@28000":0.20192307692307693,"recall/recall@50000":0.2532051282051282,"recall/recall@6000":0.060897435897435896,"recall/recall@47000":0.24358974358974358,"recall/recall@49000":0.25,"recall/recall@23000":0.1762820512820513,"recall/recall@25000":0.18269230769230768,"recall/recall@8000":0.0673076923076923,"_wandb":{"runtime":4632},"recall/recall@34000":0.21153846153846154,"recall/recall@7000":0.0641025641025641,"recall/recall@1000":0.009615384615384616,"recall/recall@3000":0.028846153846153848,"recall/recall@14000":0.12179487179487179,"recall/recall@41000":0.2403846153846154,"recall/recall@31000":0.20833333333333334,"recall/recall@33000":0.21153846153846154,"recall/recall@9000":0.08012820512820513,"recall/recall@12000":0.10576923076923077,"recall/recall@26000":0.1891025641025641,"recall/recall@1":0,"recall/recall@10":0,"recall/recall@18000":0.14423076923076922,"mrr":5.140395415992256e-05,"_timestamp":1.7639147861213183e+09,"recall/recall@300":0,"recall/recall@39000":0.23397435897435898,"recall/recall@42000":0.24358974358974358,"recall/recall@37000":0.22115384615384615,"recall/recall@22000":0.16987179487179488,"recall/recall@19000":0.14743589743589744}