{"recall/recall@50":0,"recall/recall@46000":0.12,"recall/recall@5000":0.08,"_timestamp":1.7640943261335664e+09,"recall/recall@10":0,"recall/recall@14000":0.1,"recall/recall@3000":0.04,"recall/recall@15000":0.1,"recall/recall@36000":0.12,"retrieval_details":{"_latest_artifact_path":"wandb-client-artifact://lgechbpcccbwjwumjyar1zadbf5z70ejps3pt5t68p18mhcm8znpzffu772053m4dhgtkfc7ydzvdfy5vua4jhbwszmaeqba5tt0nx0dar8o6ovxq9fi5tue965g8m5s:latest/retrieval_details.table.json","sha256":"e6aa61e9f59c8dd61e7cfb99b86c24b70f23a0e67b3bdb5d7223b87040f9c2fb","_type":"table-file","artifact_path":"wandb-client-artifact://r7fnn4f87vc2wntv60tw8bsvo9o1paz9yw5ef5tndqnin79s1itxemkgvntqybzadca7jks2g0deuy63oj2ek402mjm2jb6glipmee2l33clqsw6c6unsjhrlpobaj91/retrieval_details.table.json","nrows":50,"size":10723,"path":"media/table/retrieval_details_1_e6aa61e9f59c8dd61e7c.table.json","ncols":6,"log_mode":"IMMUTABLE"},"recall/recall@2000":0.04,"recall/recall@5":0,"recall/recall@1":0,"recall/recall@20000":0.1,"recall/recall@41000":0.12,"recall/recall@11000":0.08,"mrr":9.017800721441899e-05,"recall/recall@12000":0.08,"recall/recall@24000":0.1,"_step":1,"recall/recall@18000":0.1,"recall/recall@13000":0.1,"recall/recall@32000":0.12,"recall/recall@7000":0.08,"recall/recall@17000":0.1,"recall/recall@31000":0.12,"recall/recall@26000":0.1,"_wandb":{"runtime":776},"recall/recall@29000":0.1,"recall/recall@47000":0.12,"recall/recall@27000":0.1,"recall/recall@10000":0.08,"recall/recall@9000":0.08,"recall/recall@28000":0.1,"recall/recall@8000":0.08,"recall/recall@38000":0.12,"recall/recall@39000":0.12,"recall/recall@100":0,"recall/recall@33000":0.12,"recall/recall@43000":0.12,"recall/recall@34000":0.12,"recall/recall@500":0.02,"_runtime":776,"recall/recall@37000":0.12,"recall/recall@16000":0.1,"recall/recall@19000":0.1,"recall/recall@44000":0.12,"recall/recall@42000":0.12,"recall/recall@6000":0.08,"recall/recall@48000":0.12,"recall/recall@45000":0.12,"recall/recall@4000":0.08,"recall/recall@50000":0.12,"recall/recall@21000":0.1,"recall/recall@23000":0.1,"recall/recall@1000":0.02,"recall/recall@300":0,"recall/recall@49000":0.12,"recall/recall@40000":0.12,"recall/recall@25000":0.1,"recall/recall@30000":0.1,"recall/recall@35000":0.12,"recall/recall@22000":0.1}